<?xml version="1.0" encoding="UTF-8" standalone="yes"?>
<!DOCTYPE biblioteca>

	<biblioteca>
			<personal>
				<persona>
					<nombre>Aaron</nombre>
					<apellidos>Garmendia</apellidos>
					<telefono>902 74 63 85</telefono>
					<dni>89765424J</dni>
					<puesto>Recepcionista</puesto>
					<fecha_contratacion>
						<dia>08</dia>
						<mes>09</mes>
						<anio>2020</anio>
					</fecha_contratacion>
				</persona>
				
				<persona>
					<nombre>Alba</nombre>
					<apellidos>Garmendia</apellidos>
					<telefono>902 02 63 86</telefono>
					<dni>87860424J</dni>
					<puesto>Gerente</puesto>
					<fecha_contratacion>
						<dia>08</dia>
						<mes>09</mes>
						<anio>2019</anio>
					</fecha_contratacion>
				</persona>
			</personal>
			
			<socios>
				<persona>
					<ide_socio>001</ide_socio>
					<nombre>Raquel</nombre>
					<apellidos>Ortiz</apellidos>
					<telefono>985 72 39 54</telefono>
					<dni>96530612K</dni>
					<libros_pres>
						<libro>
							<ide_libro>EP02</ide_libro>
							<fecha_pres>
						<dia>08</dia>
						<mes>09</mes>
						<anio>2021</anio>
							</fecha_pres>
						</libro>
					</libros_pres>
				</persona>
				
				<persona>
					<ide_socio>002</ide_socio>
					<nombre>Timmy</nombre>
					<apellidos>lino</apellidos>
					<telefono>942 73 95 27</telefono>
					<dni>45946283D</dni>
					<libros_pres>
						<libro>
							<ide_libro>DC01</ide_libro>
							<fecha_pres>
						<dia>08</dia>
						<mes>09</mes>
						<anio>2022</anio>
							</fecha_pres>
						</libro>
					</libros_pres>
				</persona>
			</socios>
			
			<libros>
				<libro>
					<ide_libro>DC01</ide_libro>
					<titulo>La Divina Comedia</titulo>
					<autor>Dante Aliegheri</autor>
					<num_copias>003</num_copias>
				</libro>

				<libro>
					<ide_libro>EP02</ide_libro>
					<titulo>El Principito</titulo>
					<autor>Antoine de Saint-Exupery</autor>
					<num_copias>002</num_copias>
				</libro>
			</libros>
			
	</biblioteca>