<?xml version="1.0" encoding="UTF-8" standalone="yes"?>
<!DOCTYPE recetas>

    <receta nombre="Macarrones Bolonesa" raciones="4">
        <ingredientes>
            <ingrediente objeto="Cebollas" cantidad="1Kg"></ingrediente>
            <ingrediente objeto="Caldo de Carne" cantidad="2L"></ingrediente>
            <ingrediente objeto="Mantequilla" cantidad="100gr"></ingrediente>
            <ingrediente objeto="Sal" cantidad="1pzc"></ingrediente>
            <ingrediente objeto="Queso Mozzarella" cantidad="100gr"></ingrediente>
            <ingrediente objeto="Carne Picada" cantidad="1Kg"></ingrediente>
            <ingrediente objeto="Tomates" cantidad="2Kg"></ingrediente>
        </ingredientes>
        <proceso>
            <paso>Pelar y partir las cebollas en rodajas finas.</paso>
            <paso>Rehogarlas con la mantequilla, sal a fuego lento hasta que estén transparentes sin dorarse.</paso>
            <paso>Añadir la carne picada sin dejar de remover.  </paso>
            <paso>Cuando la carne esté hecha añadir el tomate pelado y sin pepitas. </paso>
            <paso>Dejar cocer a fuego lento durante unos 8 minutos. </paso>
            <paso>Espolvorear el queso y gratinar al horno. </paso>
        </proceso>
    </receta>
